-- phpMyAdmin SQL Dump
-- version 4.3.11
-- http://www.phpmyadmin.net
--
-- Host: 127.0.0.1
-- Generation Time: May 28, 2015 at 04:08 AM
-- Server version: 5.6.24
-- PHP Version: 5.6.8

SET SQL_MODE = "NO_AUTO_VALUE_ON_ZERO";
SET time_zone = "+00:00";


/*!40101 SET @OLD_CHARACTER_SET_CLIENT=@@CHARACTER_SET_CLIENT */;
/*!40101 SET @OLD_CHARACTER_SET_RESULTS=@@CHARACTER_SET_RESULTS */;
/*!40101 SET @OLD_COLLATION_CONNECTION=@@COLLATION_CONNECTION */;
/*!40101 SET NAMES utf8 */;

--
-- Database: `adprog`
--
CREATE DATABASE IF NOT EXISTS `adprog` DEFAULT CHARACTER SET latin1 COLLATE latin1_swedish_ci;
USE `adprog`;

-- --------------------------------------------------------

--
-- Table structure for table `booking`
--
-- Creation: May 26, 2015 at 06:25 AM
--

CREATE TABLE IF NOT EXISTS `booking` (
  `area_id` varchar(3) NOT NULL,
  `user_id` int(11) NOT NULL
) ENGINE=InnoDB DEFAULT CHARSET=latin1;

--
-- RELATIONS FOR TABLE `booking`:
--   `area_id`
--       `parking_space` -> `area_id`
--   `user_id`
--       `membership` -> `id`
--

-- --------------------------------------------------------

--
-- Table structure for table `faculty_database`
--
-- Creation: May 27, 2015 at 05:49 AM
--

CREATE TABLE IF NOT EXISTS `faculty_database` (
  `npm` int(10) NOT NULL,
  `username` varchar(20) NOT NULL,
  `role` varchar(20) NOT NULL,
  `faculty` varchar(20) NOT NULL
) ENGINE=InnoDB DEFAULT CHARSET=latin1;

--
-- RELATIONS FOR TABLE `faculty_database`:
--

--
-- Dumping data for table `faculty_database`
--

INSERT INTO `faculty_database` (`npm`, `username`, `role`, `faculty`) VALUES
(1111111111, 'wewewe', 'mahasiswa', 'fasilkom'),
(1212121212, 'kenny', 'mahasiswa', 'fasilkom'),
(1234567890, 'agung', 'mahasiswa', 'fasilkom'),
(1234567891, 'william', 'mahasiswa', 'fasilkom'),
(1234567892, 'izhar', 'mahasiswa', 'fasilkom'),
(1301301300, 'admin', 'admin', 'fasilkom'),
(1301301301, 'admin2', 'admin', 'fasilkom'),
(1311311310, 'harrybs', 'dosen', 'fisip'),
(1313131313, 'kennychristian', 'mahasiswa', 'fasilkom');

-- --------------------------------------------------------

--
-- Table structure for table `membership`
--
-- Creation: May 27, 2015 at 05:48 AM
--

CREATE TABLE IF NOT EXISTS `membership` (
  `id` int(11) NOT NULL,
  `username` varchar(20) NOT NULL,
  `password` varchar(20) NOT NULL,
  `npm` int(10) NOT NULL
) ENGINE=InnoDB AUTO_INCREMENT=26 DEFAULT CHARSET=latin1;

--
-- RELATIONS FOR TABLE `membership`:
--   `npm`
--       `faculty_database` -> `npm`
--

--
-- Dumping data for table `membership`
--

INSERT INTO `membership` (`id`, `username`, `password`, `npm`) VALUES
(0, 'admin2', 'admin', 1301301301),
(1, 'admin', 'admin', 1301301300),
(5, 'william', 'xxxx', 1234567891),
(6, 'Izhar_Almizan', 'coba', 1234567892),
(15, 'agung', '123', 1234567890),
(16, 'wewewe', 'qwqw', 1111111111),
(25, 'harrybs', 'harry', 1311311310);

-- --------------------------------------------------------

--
-- Table structure for table `parking_lot`
--
-- Creation: May 23, 2015 at 03:44 AM
--

CREATE TABLE IF NOT EXISTS `parking_lot` (
  `area_id` varchar(3) NOT NULL,
  `user_id` int(11) NOT NULL,
  `check_in_time` timestamp NOT NULL DEFAULT CURRENT_TIMESTAMP,
  `check_out_time` timestamp NULL DEFAULT NULL
) ENGINE=InnoDB DEFAULT CHARSET=latin1;

--
-- RELATIONS FOR TABLE `parking_lot`:
--   `area_id`
--       `parking_space` -> `area_id`
--   `user_id`
--       `membership` -> `id`
--

--
-- Dumping data for table `parking_lot`
--

INSERT INTO `parking_lot` (`area_id`, `user_id`, `check_in_time`, `check_out_time`) VALUES
('a01', 0, '2015-05-15 12:07:39', '2015-05-15 12:07:40'),
('a01', 0, '2015-05-15 12:07:43', '2015-05-15 12:07:44'),
('a01', 0, '2015-05-15 12:10:21', '2015-05-15 12:10:22'),
('a01', 0, '2015-05-15 12:13:54', '2015-05-15 12:13:55'),
('a01', 0, '2015-05-15 12:23:59', '2015-05-15 12:23:59'),
('a01', 0, '2015-05-16 08:13:15', '2015-05-16 08:13:15'),
('a01', 0, '2015-05-16 16:22:28', '2015-05-16 16:22:29'),
('a01', 0, '2015-05-16 16:33:51', '2015-05-16 16:33:51'),
('a01', 0, '2015-05-16 16:48:43', '2015-05-16 16:48:43'),
('a01', 0, '2015-05-16 17:02:08', '2015-05-16 17:02:08'),
('a01', 0, '2015-05-16 17:05:31', '2015-05-16 17:05:31'),
('a01', 0, '2015-05-17 10:07:40', '2015-05-17 10:07:41'),
('a01', 0, '2015-05-17 10:29:57', '2015-05-17 10:29:58'),
('a01', 0, '2015-05-17 10:30:17', '2015-05-17 10:30:17'),
('a01', 0, '2015-05-17 10:32:02', '2015-05-17 10:32:03'),
('a01', 0, '2015-05-17 11:01:49', '2015-05-17 11:01:50'),
('a01', 0, '2015-05-18 02:31:05', '2015-05-18 02:31:05'),
('a01', 0, '2015-05-18 02:35:55', '2015-05-18 02:35:56'),
('a01', 0, '2015-05-18 02:39:18', '2015-05-18 02:39:18'),
('a01', 0, '2015-05-18 02:41:35', '2015-05-18 02:41:35'),
('a01', 0, '2015-05-18 02:43:59', '2015-05-18 02:44:00'),
('a01', 0, '2015-05-18 02:45:06', '2015-05-18 02:45:06'),
('a01', 0, '2015-05-18 02:49:01', '2015-05-18 02:49:01'),
('a01', 0, '2015-05-18 02:56:11', '2015-05-18 02:56:11'),
('a01', 0, '2015-05-18 02:56:49', '2015-05-18 02:56:50'),
('a01', 0, '2015-05-18 02:57:25', '2015-05-18 02:57:25'),
('a01', 0, '2015-05-18 02:57:49', '2015-05-18 02:57:50'),
('a01', 0, '2015-05-18 03:01:44', '2015-05-18 03:01:45'),
('a01', 0, '2015-05-18 04:38:43', '2015-05-18 04:38:43'),
('a01', 0, '2015-05-18 04:40:52', '2015-05-18 04:40:52'),
('a01', 0, '2015-05-18 04:53:07', '2015-05-18 04:53:08'),
('a01', 0, '2015-05-18 05:33:41', '2015-05-18 05:33:41'),
('a01', 0, '2015-05-18 05:34:24', '2015-05-18 05:34:25'),
('a01', 0, '2015-05-18 05:39:37', '2015-05-18 05:39:56'),
('a01', 0, '2015-05-19 07:52:52', '2015-05-19 07:52:55'),
('a01', 0, '2015-05-19 07:53:31', '2015-05-19 07:53:41'),
('a01', 0, '2015-05-19 09:15:51', '2015-05-19 09:15:54'),
('a01', 0, '2015-05-20 01:44:16', '2015-05-20 01:44:18'),
('a01', 0, '2015-05-20 01:45:06', '2015-05-20 01:45:09'),
('a01', 0, '2015-05-20 01:50:07', '2015-05-20 01:50:15'),
('a01', 0, '2015-05-20 01:51:49', '2015-05-20 01:51:59'),
('a01', 0, '2015-05-21 10:40:20', '2015-05-21 10:40:23'),
('a01', 0, '2015-05-21 10:40:41', '2015-05-21 10:40:43'),
('a01', 0, '2015-05-21 10:40:57', '2015-05-21 10:41:10'),
('a01', 0, '2015-05-21 10:41:26', '2015-05-21 10:42:09'),
('a01', 1, '2015-05-21 14:07:19', NULL),
('a02', 0, '2015-05-14 16:14:24', '2015-05-14 16:14:25'),
('a02', 0, '2015-05-15 12:07:54', '2015-05-15 12:07:54'),
('a02', 0, '2015-05-15 12:24:05', '2015-05-15 12:24:05'),
('a02', 0, '2015-05-16 08:13:00', '2015-05-16 08:13:00'),
('a02', 0, '2015-05-16 17:05:19', '2015-05-16 17:05:20'),
('a02', 0, '2015-05-17 06:46:31', '2015-05-17 06:46:32'),
('a02', 0, '2015-05-17 07:16:35', '2015-05-17 07:16:35'),
('a02', 0, '2015-05-17 07:18:26', '2015-05-17 07:18:27'),
('a02', 0, '2015-05-18 04:39:33', '2015-05-18 04:39:34'),
('a02', 0, '2015-05-18 05:40:13', '2015-05-18 05:40:50'),
('a02', 0, '2015-05-19 09:48:17', '2015-05-19 09:48:19'),
('a02', 0, '2015-05-19 09:53:17', '2015-05-19 09:53:26'),
('a02', 0, '2015-05-19 09:56:29', '2015-05-19 09:56:31'),
('a02', 0, '2015-05-19 12:15:43', '2015-05-19 12:15:45'),
('a02', 0, '2015-05-19 12:18:51', '2015-05-19 12:20:36'),
('a02', 0, '2015-05-19 12:24:06', '2015-05-19 12:24:32'),
('a02', 0, '2015-05-19 12:34:27', '2015-05-19 12:34:30'),
('a02', 0, '2015-05-19 13:26:22', '2015-05-19 13:26:25'),
('a02', 0, '2015-05-19 13:36:31', '2015-05-19 13:36:35'),
('a02', 0, '2015-05-19 13:42:57', '2015-05-19 13:42:59'),
('a02', 0, '2015-05-20 01:57:58', '2015-05-20 01:58:00'),
('a02', 0, '2015-05-20 02:15:43', '2015-05-20 02:15:56'),
('a02', 0, '2015-05-20 02:16:06', '2015-05-20 02:16:34'),
('a02', 0, '2015-05-20 02:16:37', '2015-05-20 02:16:43'),
('a02', 0, '2015-05-21 02:08:39', '2015-05-21 02:08:42'),
('a02', 0, '2015-05-21 14:13:58', '2015-05-21 14:14:00'),
('a02', 0, '2015-05-21 14:17:31', '2015-05-21 14:17:34'),
('a02', 0, '2015-05-21 14:19:22', '2015-05-21 14:20:34'),
('a02', 0, '2015-05-21 14:31:12', '2015-05-21 14:31:15'),
('a02', 0, '2015-05-21 14:31:29', '2015-05-21 14:31:31'),
('a02', 0, '2015-05-21 14:31:37', '2015-05-21 14:31:59'),
('a02', 0, '2015-05-21 14:32:10', '2015-05-21 15:37:25'),
('a02', 0, '2015-05-21 15:46:47', '2015-05-21 15:46:49'),
('a02', 0, '2015-05-21 15:48:15', '2015-05-21 15:48:18'),
('a02', 0, '2015-05-21 15:48:35', '2015-05-21 15:48:38'),
('a02', 0, '2015-05-21 15:48:39', '2015-05-21 15:48:49'),
('a02', 0, '2015-05-21 15:48:52', '2015-05-21 15:49:25'),
('a02', 0, '2015-05-21 15:50:14', '2015-05-21 15:50:22'),
('a02', 0, '2015-05-21 15:56:35', '2015-05-21 15:57:54'),
('a02', 0, '2015-05-22 11:31:17', '2015-05-22 11:31:35'),
('a02', 0, '2015-05-22 11:32:24', '2015-05-22 11:32:29'),
('a02', 0, '2015-05-22 11:32:37', '2015-05-22 11:32:49'),
('a02', 0, '2015-05-22 11:34:43', '2015-05-22 11:34:45'),
('a02', 0, '2015-05-22 11:45:09', '2015-05-22 11:45:12'),
('a02', 0, '2015-05-22 11:50:56', '2015-05-22 11:51:21'),
('a02', 0, '2015-05-22 12:25:57', '2015-05-22 12:31:17'),
('a02', 0, '2015-05-22 13:19:34', '2015-05-22 13:19:43'),
('a02', 0, '2015-05-22 13:22:28', '2015-05-22 13:22:34'),
('a02', 0, '2015-05-22 13:30:49', '2015-05-22 13:30:51'),
('a02', 0, '2015-05-22 13:30:55', '2015-05-22 13:31:06'),
('a02', 0, '2015-05-22 13:31:09', '2015-05-22 13:31:25'),
('a02', 0, '2015-05-22 13:35:42', '2015-05-22 13:35:44'),
('a02', 0, '2015-05-22 13:35:54', '2015-05-22 13:35:57'),
('a02', 0, '2015-05-22 13:36:00', '2015-05-22 13:36:06'),
('a02', 0, '2015-05-22 13:41:45', '2015-05-22 13:41:53'),
('a02', 0, '2015-05-22 13:42:16', '2015-05-22 13:42:35'),
('a02', 0, '2015-05-22 13:42:38', '2015-05-22 13:42:45'),
('a02', 0, '2015-05-22 13:46:32', '2015-05-22 13:46:38'),
('a02', 0, '2015-05-22 13:46:40', '2015-05-22 13:46:48'),
('a02', 0, '2015-05-22 13:47:15', '2015-05-22 13:47:37'),
('a02', 0, '2015-05-23 03:56:08', '2015-05-23 03:56:21'),
('a02', 0, '2015-05-23 03:56:25', '2015-05-23 03:56:46'),
('a02', 0, '2015-05-23 03:57:17', '2015-05-23 03:57:55'),
('a02', 0, '2015-05-23 03:58:23', '2015-05-23 03:58:59'),
('a02', 0, '2015-05-23 04:02:02', '2015-05-23 04:02:09'),
('a02', 0, '2015-05-23 04:02:17', '2015-05-23 04:02:22'),
('a02', 5, '2015-05-24 05:36:00', '2015-05-24 05:36:34'),
('a02', 5, '2015-05-24 05:45:04', '2015-05-24 05:45:21'),
('a02', 5, '2015-05-24 05:45:37', '2015-05-24 05:49:06'),
('a02', 5, '2015-05-24 09:17:57', '2015-05-24 09:18:20'),
('a02', 5, '2015-05-26 05:44:40', '2015-05-26 05:44:42'),
('a02', 5, '2015-05-27 07:30:00', '2015-05-27 07:30:03'),
('a02', 5, '2015-05-27 07:34:47', '2015-05-27 07:34:58'),
('a02', 5, '2015-05-27 14:02:13', '2015-05-27 14:02:16'),
('a02', 5, '2015-05-27 14:06:22', '2015-05-27 14:06:25'),
('a02', 5, '2015-05-27 15:04:45', '2015-05-27 15:04:48'),
('a03', 0, '2015-05-19 12:15:49', '2015-05-19 12:15:55'),
('a03', 0, '2015-05-19 12:24:01', '2015-05-19 12:24:04'),
('a03', 0, '2015-05-19 12:34:31', '2015-05-19 12:34:33'),
('a03', 0, '2015-05-21 14:13:54', '2015-05-21 14:13:57'),
('a03', 0, '2015-05-21 14:21:03', '2015-05-21 14:21:10'),
('a03', 5, '2015-05-27 07:45:59', '2015-05-27 07:46:01'),
('a03', 5, '2015-05-27 14:02:30', '2015-05-27 14:02:35'),
('a04', 0, '2015-05-21 09:51:38', '2015-05-21 10:07:45'),
('a04', 5, '2015-05-27 06:55:29', '2015-05-27 06:55:31'),
('a04', 5, '2015-05-27 15:00:15', '2015-05-27 15:00:18'),
('a06', 0, '2015-05-21 14:14:01', '2015-05-21 14:14:04'),
('a11', 5, '2015-05-27 07:58:45', '2015-05-27 07:58:47'),
('a12', 0, '2015-05-21 10:23:27', '2015-05-21 10:23:30'),
('a12', 5, '2015-05-27 07:34:30', '2015-05-27 07:34:45'),
('a12', 5, '2015-05-27 07:58:35', '2015-05-27 07:58:41'),
('a12', 5, '2015-05-27 12:51:10', '2015-05-27 12:51:13'),
('a12', 5, '2015-05-27 14:07:22', '2015-05-27 14:07:26');

-- --------------------------------------------------------

--
-- Table structure for table `parking_space`
--
-- Creation: May 23, 2015 at 03:44 AM
--

CREATE TABLE IF NOT EXISTS `parking_space` (
  `area_id` varchar(3) NOT NULL,
  `availability` int(2) NOT NULL DEFAULT '0'
) ENGINE=InnoDB DEFAULT CHARSET=latin1;

--
-- RELATIONS FOR TABLE `parking_space`:
--

--
-- Dumping data for table `parking_space`
--

INSERT INTO `parking_space` (`area_id`, `availability`) VALUES
('a01', 1),
('a02', 0),
('a03', 0),
('a04', 0),
('a05', 0),
('a06', 0),
('a07', 0),
('a08', 0),
('a09', 0),
('a10', 0),
('a11', 0),
('a12', 0);

--
-- Indexes for dumped tables
--

--
-- Indexes for table `booking`
--
ALTER TABLE `booking`
  ADD PRIMARY KEY (`area_id`,`user_id`), ADD KEY `booking_fk_2` (`user_id`);

--
-- Indexes for table `faculty_database`
--
ALTER TABLE `faculty_database`
  ADD PRIMARY KEY (`npm`), ADD UNIQUE KEY `username` (`username`);

--
-- Indexes for table `membership`
--
ALTER TABLE `membership`
  ADD PRIMARY KEY (`id`,`npm`), ADD UNIQUE KEY `username` (`username`), ADD UNIQUE KEY `npm` (`npm`);

--
-- Indexes for table `parking_lot`
--
ALTER TABLE `parking_lot`
  ADD PRIMARY KEY (`area_id`,`user_id`,`check_in_time`), ADD KEY `parking_lot_user_fk` (`user_id`);

--
-- Indexes for table `parking_space`
--
ALTER TABLE `parking_space`
  ADD PRIMARY KEY (`area_id`);

--
-- AUTO_INCREMENT for dumped tables
--

--
-- AUTO_INCREMENT for table `membership`
--
ALTER TABLE `membership`
  MODIFY `id` int(11) NOT NULL AUTO_INCREMENT,AUTO_INCREMENT=26;
--
-- Constraints for dumped tables
--

--
-- Constraints for table `booking`
--
ALTER TABLE `booking`
ADD CONSTRAINT `booking_fk_1` FOREIGN KEY (`area_id`) REFERENCES `parking_space` (`area_id`),
ADD CONSTRAINT `booking_fk_2` FOREIGN KEY (`user_id`) REFERENCES `membership` (`id`);

--
-- Constraints for table `membership`
--
ALTER TABLE `membership`
ADD CONSTRAINT `fk_npm` FOREIGN KEY (`npm`) REFERENCES `faculty_database` (`npm`) ON DELETE CASCADE ON UPDATE CASCADE;

--
-- Constraints for table `parking_lot`
--
ALTER TABLE `parking_lot`
ADD CONSTRAINT `parking_lot_ibfk_1` FOREIGN KEY (`area_id`) REFERENCES `parking_space` (`area_id`),
ADD CONSTRAINT `parking_lot_user_fk` FOREIGN KEY (`user_id`) REFERENCES `membership` (`id`);

/*!40101 SET CHARACTER_SET_CLIENT=@OLD_CHARACTER_SET_CLIENT */;
/*!40101 SET CHARACTER_SET_RESULTS=@OLD_CHARACTER_SET_RESULTS */;
/*!40101 SET COLLATION_CONNECTION=@OLD_COLLATION_CONNECTION */;
