-- phpMyAdmin SQL Dump
-- version 4.3.11
-- http://www.phpmyadmin.net
--
-- Host: 127.0.0.1
-- Generation Time: May 20, 2015 at 06:32 AM
-- Server version: 5.6.24
-- PHP Version: 5.6.8

SET SQL_MODE = "NO_AUTO_VALUE_ON_ZERO";
SET time_zone = "+00:00";


/*!40101 SET @OLD_CHARACTER_SET_CLIENT=@@CHARACTER_SET_CLIENT */;
/*!40101 SET @OLD_CHARACTER_SET_RESULTS=@@CHARACTER_SET_RESULTS */;
/*!40101 SET @OLD_COLLATION_CONNECTION=@@COLLATION_CONNECTION */;
/*!40101 SET NAMES utf8 */;

--
-- Database: `adprog`
--
CREATE DATABASE IF NOT EXISTS `adprog` DEFAULT CHARACTER SET latin1 COLLATE latin1_swedish_ci;
USE `adprog`;

-- --------------------------------------------------------

--
-- Table structure for table `membership`
--

CREATE TABLE IF NOT EXISTS `membership` (
  `id` int(11) NOT NULL,
  `username` varchar(20) NOT NULL,
  `password` varchar(20) NOT NULL,
  `npm` int(10) NOT NULL
) ENGINE=MyISAM AUTO_INCREMENT=16 DEFAULT CHARSET=latin1;

--
-- Dumping data for table `membership`
--

INSERT INTO `membership` (`id`, `username`, `password`, `npm`) VALUES
(5, 'william', 'xxxx', 1234567890),
(6, 'Izhar_Almizan', 'coba', 1234567890),
(15, 'agung', '123', 1234567890);

-- --------------------------------------------------------

--
-- Table structure for table `parking_lot`
--

CREATE TABLE IF NOT EXISTS `parking_lot` (
  `area_id` varchar(3) NOT NULL,
  `user_id` int(11) NOT NULL,
  `check_in_time` timestamp NOT NULL DEFAULT CURRENT_TIMESTAMP,
  `check_out_time` timestamp NULL DEFAULT NULL
) ENGINE=InnoDB DEFAULT CHARSET=latin1;

--
-- Dumping data for table `parking_lot`
--

INSERT INTO `parking_lot` (`area_id`, `user_id`, `check_in_time`, `check_out_time`) VALUES
('a01', 0, '2015-05-15 12:07:39', '2015-05-15 12:07:40'),
('a01', 0, '2015-05-15 12:07:43', '2015-05-15 12:07:44'),
('a01', 0, '2015-05-15 12:10:21', '2015-05-15 12:10:22'),
('a01', 0, '2015-05-15 12:13:54', '2015-05-15 12:13:55'),
('a01', 0, '2015-05-15 12:23:59', '2015-05-15 12:23:59'),
('a01', 0, '2015-05-16 08:13:15', '2015-05-16 08:13:15'),
('a01', 0, '2015-05-16 16:22:28', '2015-05-16 16:22:29'),
('a01', 0, '2015-05-16 16:33:51', '2015-05-16 16:33:51'),
('a01', 0, '2015-05-16 16:48:43', '2015-05-16 16:48:43'),
('a01', 0, '2015-05-16 17:02:08', '2015-05-16 17:02:08'),
('a01', 0, '2015-05-16 17:05:31', '2015-05-16 17:05:31'),
('a01', 0, '2015-05-17 10:07:40', '2015-05-17 10:07:41'),
('a01', 0, '2015-05-17 10:29:57', '2015-05-17 10:29:58'),
('a01', 0, '2015-05-17 10:30:17', '2015-05-17 10:30:17'),
('a01', 0, '2015-05-17 10:32:02', '2015-05-17 10:32:03'),
('a01', 0, '2015-05-17 11:01:49', '2015-05-17 11:01:50'),
('a01', 0, '2015-05-18 02:31:05', '2015-05-18 02:31:05'),
('a01', 0, '2015-05-18 02:35:55', '2015-05-18 02:35:56'),
('a01', 0, '2015-05-18 02:39:18', '2015-05-18 02:39:18'),
('a01', 0, '2015-05-18 02:41:35', '2015-05-18 02:41:35'),
('a01', 0, '2015-05-18 02:43:59', '2015-05-18 02:44:00'),
('a01', 0, '2015-05-18 02:45:06', '2015-05-18 02:45:06'),
('a01', 0, '2015-05-18 02:49:01', '2015-05-18 02:49:01'),
('a01', 0, '2015-05-18 02:56:11', '2015-05-18 02:56:11'),
('a01', 0, '2015-05-18 02:56:49', '2015-05-18 02:56:50'),
('a01', 0, '2015-05-18 02:57:25', '2015-05-18 02:57:25'),
('a01', 0, '2015-05-18 02:57:49', '2015-05-18 02:57:50'),
('a01', 0, '2015-05-18 03:01:44', '2015-05-18 03:01:45'),
('a01', 0, '2015-05-18 04:38:43', '2015-05-18 04:38:43'),
('a01', 0, '2015-05-18 04:40:52', '2015-05-18 04:40:52'),
('a01', 0, '2015-05-18 04:53:07', '2015-05-18 04:53:08'),
('a01', 0, '2015-05-18 05:33:41', '2015-05-18 05:33:41'),
('a01', 0, '2015-05-18 05:34:24', '2015-05-18 05:34:25'),
('a01', 0, '2015-05-18 05:39:37', '2015-05-18 05:39:56'),
('a01', 0, '2015-05-19 07:52:52', '2015-05-19 07:52:55'),
('a01', 0, '2015-05-19 07:53:31', '2015-05-19 07:53:41'),
('a01', 0, '2015-05-19 09:15:51', '2015-05-19 09:15:54'),
('a01', 0, '2015-05-20 01:44:16', '2015-05-20 01:44:18'),
('a01', 0, '2015-05-20 01:45:06', '2015-05-20 01:45:09'),
('a01', 0, '2015-05-20 01:50:07', '2015-05-20 01:50:15'),
('a01', 0, '2015-05-20 01:51:49', '2015-05-20 01:51:59'),
('a01', 1, '2015-05-20 01:52:12', NULL),
('a02', 0, '2015-05-14 16:14:24', '2015-05-14 16:14:25'),
('a02', 0, '2015-05-15 12:07:54', '2015-05-15 12:07:54'),
('a02', 0, '2015-05-15 12:24:05', '2015-05-15 12:24:05'),
('a02', 0, '2015-05-16 08:13:00', '2015-05-16 08:13:00'),
('a02', 0, '2015-05-16 17:05:19', '2015-05-16 17:05:20'),
('a02', 0, '2015-05-17 06:46:31', '2015-05-17 06:46:32'),
('a02', 0, '2015-05-17 07:16:35', '2015-05-17 07:16:35'),
('a02', 0, '2015-05-17 07:18:26', '2015-05-17 07:18:27'),
('a02', 0, '2015-05-18 04:39:33', '2015-05-18 04:39:34'),
('a02', 0, '2015-05-18 05:40:13', '2015-05-18 05:40:50'),
('a02', 0, '2015-05-19 09:48:17', '2015-05-19 09:48:19'),
('a02', 0, '2015-05-19 09:53:17', '2015-05-19 09:53:26'),
('a02', 0, '2015-05-19 09:56:29', '2015-05-19 09:56:31'),
('a02', 0, '2015-05-19 12:15:43', '2015-05-19 12:15:45'),
('a02', 0, '2015-05-19 12:18:51', '2015-05-19 12:20:36'),
('a02', 0, '2015-05-19 12:24:06', '2015-05-19 12:24:32'),
('a02', 0, '2015-05-19 12:34:27', '2015-05-19 12:34:30'),
('a02', 0, '2015-05-19 13:26:22', '2015-05-19 13:26:25'),
('a02', 0, '2015-05-19 13:36:31', '2015-05-19 13:36:35'),
('a02', 0, '2015-05-19 13:42:57', '2015-05-19 13:42:59'),
('a02', 0, '2015-05-20 01:57:58', '2015-05-20 01:58:00'),
('a02', 0, '2015-05-20 02:15:43', '2015-05-20 02:15:56'),
('a02', 0, '2015-05-20 02:16:06', '2015-05-20 02:16:34'),
('a02', 0, '2015-05-20 02:16:37', '2015-05-20 02:16:43'),
('a03', 0, '2015-05-19 12:15:49', '2015-05-19 12:15:55'),
('a03', 0, '2015-05-19 12:24:01', '2015-05-19 12:24:04'),
('a03', 0, '2015-05-19 12:34:31', '2015-05-19 12:34:33'),
('a03', 0, '2015-05-19 13:43:28', '2015-05-19 13:43:31');

-- --------------------------------------------------------

--
-- Table structure for table `parking_space`
--

CREATE TABLE IF NOT EXISTS `parking_space` (
  `area_id` varchar(3) NOT NULL,
  `availability` int(2) NOT NULL DEFAULT '0'
) ENGINE=InnoDB DEFAULT CHARSET=latin1;

--
-- Dumping data for table `parking_space`
--

INSERT INTO `parking_space` (`area_id`, `availability`) VALUES
('a01', 1),
('a02', 0),
('a03', 0),
('a04', 0),
('a05', 0),
('a06', 0),
('a07', 0),
('a08', 0),
('a09', 0),
('a10', 0),
('a11', 0),
('a12', 0);

--
-- Indexes for dumped tables
--

--
-- Indexes for table `membership`
--
ALTER TABLE `membership`
  ADD PRIMARY KEY (`id`);

--
-- Indexes for table `parking_lot`
--
ALTER TABLE `parking_lot`
  ADD PRIMARY KEY (`area_id`,`user_id`,`check_in_time`);

--
-- Indexes for table `parking_space`
--
ALTER TABLE `parking_space`
  ADD PRIMARY KEY (`area_id`);

--
-- AUTO_INCREMENT for dumped tables
--

--
-- AUTO_INCREMENT for table `membership`
--
ALTER TABLE `membership`
  MODIFY `id` int(11) NOT NULL AUTO_INCREMENT,AUTO_INCREMENT=16;
--
-- Constraints for dumped tables
--

--
-- Constraints for table `parking_lot`
--
ALTER TABLE `parking_lot`
ADD CONSTRAINT `parking_lot_ibfk_1` FOREIGN KEY (`area_id`) REFERENCES `parking_space` (`area_id`);

/*!40101 SET CHARACTER_SET_CLIENT=@OLD_CHARACTER_SET_CLIENT */;
/*!40101 SET CHARACTER_SET_RESULTS=@OLD_CHARACTER_SET_RESULTS */;
/*!40101 SET COLLATION_CONNECTION=@OLD_COLLATION_CONNECTION */;
